sector,technology,year,region,scenario_source,metric,production,technology_share,scope,percentage_of_initial_production_by_scope
automotive,electric,2020,global,demo_2020,projected,324591.6516,0.07591263957026606,sector,0
automotive,electric,2020,global,demo_2020,target_cps,324591.6516,0.07591263957026606,sector,0
automotive,electric,2020,global,demo_2020,target_sds,324591.6516,0.07591263957026606,sector,0
automotive,electric,2020,global,demo_2020,target_sps,324591.6516,0.07591263957026606,sector,0
automotive,electric,2021,global,demo_2020,projected,339655.6253,0.07861408470022554,sector,0.0035230296292194274
automotive,electric,2021,global,demo_2020,target_cps,329190.8120625268,0.07440943058392348,sector,0.0010756111834566294
automotive,electric,2021,global,demo_2020,target_sds,352504.6481894042,0.08085842132731869,sector,0.006528046051007893
automotive,electric,2021,global,demo_2020,target_sps,330434.7761282902,0.0747475405203796,sector,0.0013665385541920627
automotive,electric,2022,global,demo_2020,projected,354719.599,0.08126022105079403,sector,0.007046059258438842
automotive,electric,2022,global,demo_2020,target_cps,333693.2844867845,0.07299440115408526,sector,0.0021286098192284868
automotive,electric,2022,global,demo_2020,target_sds,380417.64472843945,0.08561793174985986,sector,0.013056092090235925
automotive,electric,2022,global,demo_2020,target_sps,336277.90065658046,0.07365635649335017,sector,0.0027330771083841254
automotive,electric,2023,global,demo_2020,projected,369783.5727,0.08385272999479501,sector,0.010569088887658269
automotive,electric,2023,global,demo_2020,target_cps,338111.7038325235,0.07165720966265401,sector,0.0031619508605338635
automotive,electric,2023,global,demo_2020,target_sds,408330.64131784363,0.09020149954156373,sector,0.019584138141243806
automotive,electric,2023,global,demo_2020,target_sps,342121.0251848707,0.07263226987855684,sector,0.004099615662576188
automotive,electric,2024,global,demo_2020,projected,384847.5464,0.08639322538964567,sector,0.014092118516877684
automotive,electric,2024,global,demo_2020,target_cps,341117.33028910845,0.07046908958303152,sector,0.0038648803313224758
automotive,electric,2024,global,demo_2020,target_sds,432483.4548208307,0.09382140419859988,sector,0.025232785655812582
automotive,electric,2024,global,demo_2020,target_sps,346163.6734883711,0.07161973366506712,sector,0.005045074678728443
automotive,electric,2025,global,demo_2020,projected,399911.5201,0.08888325702557102,sector,0.01761514814609711
automotive,electric,2025,global,demo_2020,target_cps,344090.32106601837,0.0693420491538078,sector,0.004560177256492342
automotive,electric,2025,global,demo_2020,target_sds,456636.2683741868,0.09731359911265453,sector,0.03088143318216122
automotive,electric,2025,global,demo_2020,target_sps,350206.3217918715,0.07065746841082383,sector,0.005990533694880712
automotive,electric,2026,global,demo_2020,projected,414975.4938,0.09132431371871967,sector,0.021138177775316524
automotive,electric,2026,global,demo_2020,target_cps,347033.0049841407,0.0682686505172261,sector,0.005248386280182579
automotive,electric,2026,global,demo_2020,target_sds,480789.0818771739,0.10068472553596326,sector,0.03653008069672999
automotive,electric,2026,global,demo_2020,target_sps,354248.9700953719,0.06974182099415487,sector,0.006935992711032968
automotive,hybrid,2020,global,demo_2020,projected,628680.5518,0.14703027603569266,sector,0
automotive,hybrid,2020,global,demo_2020,target_cps,628680.5518,0.14703027603569266,sector,0
automotive,hybrid,2020,global,demo_2020,target_sds,628680.5518,0.14703027603569266,sector,0
automotive,hybrid,2020,global,demo_2020,target_sps,628680.5518,0.14703027603569266,sector,0
automotive,hybrid,2021,global,demo_2020,projected,569877.9833,0.13189958508230223,sector,-0.013752227348863782
automotive,hybrid,2021,global,demo_2020,target_cps,699300.2547915818,0.15806800147371888,sector,0.01651591479119602
automotive,hybrid,2021,global,demo_2020,target_sds,740213.5718747147,0.16979208976185142,sector,0.0260843614165062
automotive,hybrid,2021,global,demo_2020,target_sps,719803.2593245434,0.16282645526442283,sector,0.021310977096545367
automotive,hybrid,2022,global,demo_2020,projected,511075.4147,0.1170786764791878,sector,-0.02750445472111466
automotive,hybrid,2022,global,demo_2020,target_cps,768199.8879142804,0.16804141225430944,sector,0.032629554775419775
automotive,hybrid,2022,global,demo_2020,target_sds,851746.5919494296,0.1916966328671722,sector,0.05216872283301246
automotive,hybrid,2022,global,demo_2020,target_sps,810925.9663899573,0.17762050956518713,sector,0.04262195408571358
automotive,hybrid,2023,global,demo_2020,projected,452272.84620000003,0.10255813307086384,sector,-0.04125668206997843
automotive,hybrid,2023,global,demo_2020,target_cps,835661.4526504194,0.17710468830511114,sector,0.04840687197817895
automotive,hybrid,2023,global,demo_2020,target_sds,963279.6120241443,0.2127914407842813,sector,0.07825308424951867
automotive,hybrid,2023,global,demo_2020,target_sps,902048.6734553713,0.1915048707065024,sector,0.0639329310748818
automotive,hybrid,2024,global,demo_2020,projected,393470.2776,0.08832891542328214,sector,-0.05500890944222933
automotive,hybrid,2024,global,demo_2020,target_cps,918127.4257439647,0.18966964756248084,sector,0.06769328819191488
automotive,hybrid,2024,global,demo_2020,target_sds,1106634.6185782454,0.24006933142172113,sector,0.1117796918794193
automotive,hybrid,2024,global,demo_2020,target_sps,1016392.3526581808,0.2102870843235239,sector,0.09067462471880114
automotive,hybrid,2025,global,demo_2020,projected,334667.7091,0.0743823433709939,sector,-0.0687611367910931
automotive,hybrid,2025,global,demo_2020,target_cps,998821.0383991118,0.2012852245478885,sector,0.08656520034035672
automotive,hybrid,2025,global,demo_2020,target_sds,1249989.6256360365,0.2663848619760633,sector,0.1453062996271185
automotive,hybrid,2025,global,demo_2020,target_sps,1130736.0323201197,0.22813678826769124,sector,0.11741631847009763
automotive,hybrid,2026,global,demo_2020,projected,275865.1405,0.06071007809252151,sector,-0.082513364163344
automotive,hybrid,2026,global,demo_2020,target_cps,1078002.1747920704,0.21206557494741096,sector,0.10508338784805644
automotive,hybrid,2026,global,demo_2020,target_sds,1393344.6326938276,0.29178807757457514,sector,0.17883290737481772
automotive,hybrid,2026,global,demo_2020,target_sps,1245079.711522929,0.24512174683558954,sector,0.14415801211401694
automotive,ice,2020,global,demo_2020,projected,3322585.591,0.7770570843940413,technology,0
automotive,ice,2020,global,demo_2020,target_cps,3322585.591,0.7770570843940413,technology,0
automotive,ice,2020,global,demo_2020,target_sds,3322585.591,0.7770570843940413,technology,0
automotive,ice,2020,global,demo_2020,target_sps,3322585.591,0.7770570843940413,technology,0
automotive,ice,2021,global,demo_2020,projected,3411010.561,0.7894863302174723,technology,0.026613300870117512
automotive,ice,2021,global,demo_2020,target_cps,3395555.8513822216,0.7675225679423576,technology,0.021961890336212424
automotive,ice,2021,global,demo_2020,target_sds,3266810.971860725,0.7493494889108299,technology,-0.016786510869833918
automotive,ice,2021,global,demo_2020,target_sps,3370439.53905811,0.7624260042151976,technology,0.014402623122105208
automotive,ice,2022,global,demo_2020,projected,3499435.531,0.8016611024700182,technology,0.05322660174023488
automotive,ice,2022,global,demo_2020,target_cps,3469598.328466037,0.7589641865916054,technology,0.044246486189627496
automotive,ice,2022,global,demo_2020,target_sds,3211036.3517206246,0.7226854353829679,technology,-0.033573022040886656
automotive,ice,2022,global,demo_2020,target_sps,3418293.486694279,0.7487231339414627,technology,0.028805246117218568
automotive,ice,2023,global,demo_2020,projected,3587860.5,0.8135891369343412,technology,0.07983990230938191
automotive,ice,2023,global,demo_2020,target_cps,3544687.2109284755,0.7512381020322348,technology,0.066846019115381
automotive,ice,2023,global,demo_2020,target_sds,3155261.7320809374,0.697007059674155,technology,-0.05035953306132984
automotive,ice,2023,global,demo_2020,target_sps,3466147.4339085068,0.7358628594149408,technology,0.043207868985340084
automotive,ice,2024,global,demo_2020,projected,3676285.47,0.8252778591870723,technology,0.10645320317949943
automotive,ice,2024,global,demo_2020,target_cps,3581421.304895394,0.7398612628544877,technology,0.07790189501709484
automotive,ice,2024,global,demo_2020,target_sds,3070527.8652329617,0.6661092643796791,technology,-0.0758619210441999
automotive,ice,2024,global,demo_2020,target_sps,3470800.0305405753,0.718093182011409,technology,0.04460816297465706
automotive,ice,2025,global,demo_2020,projected,3764710.44,0.8367343996034351,technology,0.1330665040496168
automotive,ice,2025,global,demo_2020,target_cps,3619306.0146247335,0.7293727262983037,technology,0.08930407223472892
automotive,ice,2025,global,demo_2020,target_sds,2985793.999385812,0.6363015389112823,technology,-0.10136430872585102
automotive,ice,2025,global,demo_2020,target_sps,3475452.626750702,0.701205743321485,technology,0.046008456836982056
automotive,ice,2026,global,demo_2020,projected,3853135.41,0.8479656081887589,technology,0.1596798049197343
automotive,ice,2026,global,demo_2020,target_cps,3658308.3806267376,0.719665774535363,technology,0.10104263093661793
automotive,ice,2026,global,demo_2020,target_sds,2901060.1325378367,0.6075271968894616,technology,-0.12686669670872094
automotive,ice,2026,global,demo_2020,target_sps,3480105.2225388885,0.6851364321702555,technology,0.047408750572315486
oil and gas,gas,2020,global,demo_2020,projected,20669086.970699865,0.43469664488697357,technology,0
oil and gas,gas,2020,global,demo_2020,target_cps,20669086.970699865,0.43469664488697357,technology,0
oil and gas,gas,2020,global,demo_2020,target_sds,20669086.970699865,0.43469664488697357,technology,0
oil and gas,gas,2020,global,demo_2020,target_sps,20669086.970699865,0.43469664488697357,technology,0
oil and gas,gas,2021,global,demo_2020,projected,21214353.874381192,0.4474881278480466,technology,0.026380792942343675
oil and gas,gas,2021,global,demo_2020,target_cps,22665631.820106998,0.45775898229057943,technology,0.09659569637678721
oil and gas,gas,2021,global,demo_2020,target_sds,22672237.95004582,0.459849551510642,technology,0.09691531039496745
oil and gas,gas,2021,global,demo_2020,target_sps,22672237.95004582,0.45850973339030626,technology,0.09691531039496745
oil and gas,gas,2022,global,demo_2020,projected,20263518.056353085,0.4361012469768419,technology,-0.0196220043450254
oil and gas,gas,2022,global,demo_2020,target_cps,23131363.980794124,0.456632323796329,technology,0.11912848465850183
oil and gas,gas,2022,global,demo_2020,target_sds,22987130.14379646,0.4595948605275389,technology,0.11215024526156432
oil and gas,gas,2022,global,demo_2020,target_sps,22987130.14379646,0.45696626554413955,technology,0.11215024526156432
oil and gas,gas,2023,global,demo_2020,projected,19312682.239272315,0.4115268521314683,technology,-0.06562480158656092
oil and gas,gas,2023,global,demo_2020,target_cps,23597096.141481258,0.4435683331162565,technology,0.1416612729402168
oil and gas,gas,2023,global,demo_2020,target_sds,23459468.434422415,0.4483448080307898,technology,0.13500264756145955
oil and gas,gas,2023,global,demo_2020,target_sps,23459468.434422415,0.4445774102884333,technology,0.13500264756145955
oil and gas,gas,2024,global,demo_2020,projected,18361846.42258634,0.3961189919330298,technology,-0.1116275988089957
oil and gas,gas,2024,global,demo_2020,target_cps,24062828.302168388,0.4425685738481708,technology,0.16419406122193161
oil and gas,gas,2024,global,demo_2020,target_sds,23774360.628173053,0.4480962264683083,technology,0.1502375824280564
oil and gas,gas,2024,global,demo_2020,target_sps,23774360.628173053,0.4431651692367941,technology,0.1502375824280564
oil and gas,gas,2025,global,demo_2020,projected,17457105.190560047,0.38966992988682925,technology,-0.15540027407563128
oil and gas,gas,2025,global,demo_2020,target_cps,24171769.37532835,0.4431138445647258,technology,0.16946478620917443
oil and gas,gas,2025,global,demo_2020,target_sds,23738851.879109837,0.44927541027390705,technology,0.14851961834412988
oil and gas,gas,2025,global,demo_2020,target_sps,23894007.773744546,0.44433775688120764,technology,0.15602628251631392
oil and gas,oil,2020,global,demo_2020,projected,21354410.735700782,0.5653033551130263,technology,0
oil and gas,oil,2020,global,demo_2020,target_cps,21354410.735700782,0.5653033551130263,technology,0
oil and gas,oil,2020,global,demo_2020,target_sds,21354410.735700782,0.5653033551130263,technology,0
oil and gas,oil,2020,global,demo_2020,target_sps,21354410.735700782,0.5653033551130263,technology,0
oil and gas,oil,2021,global,demo_2020,projected,21811478.84448881,0.5525118721519534,technology,0.02140392045676501
oil and gas,oil,2021,global,demo_2020,target_cps,21958553.02353579,0.5422410177094206,technology,0.02829121792740414
oil and gas,oil,2021,global,demo_2020,target_sds,21689490.847089443,0.540150448489358,technology,0.01569137709000167
oil and gas,oil,2021,global,demo_2020,target_sps,21865630.65060802,0.5414902666096937,technology,0.023939780930249246
oil and gas,oil,2022,global,demo_2020,projected,22268546.952145234,0.5638987530231581,technology,0.042807840860538376
oil and gas,oil,2022,global,demo_2020,target_cps,22562695.309153702,0.5433676762036709,technology,0.05658243575098434
oil and gas,oil,2022,global,demo_2020,target_sds,22024570.958478108,0.5404051394724612,technology,0.03138275418000352
oil and gas,oil,2022,global,demo_2020,target_sps,22376850.563254643,0.5430337344558603,technology,0.04787956175463662
oil and gas,oil,2023,global,demo_2020,projected,22908638.24312686,0.5884731478685318,technology,0.0727825050600758
oil and gas,oil,2023,global,demo_2020,target_cps,23365394.62409754,0.5564316668837435,technology,0.09417182769809473
oil and gas,oil,2023,global,demo_2020,target_sds,22551289.910301294,0.5516551919692102,technology,0.056048335372679815
oil and gas,oil,2023,global,demo_2020,target_sps,23084238.263675768,0.5554225897115667,technology,0.08100563154772616
oil and gas,oil,2024,global,demo_2020,projected,23715869.213337507,0.6038810080669702,technology,0.11058410868199633
oil and gas,oil,2024,global,demo_2020,target_cps,23974714.860691067,0.5574314261518292,technology,0.12270552240571084
oil and gas,oil,2024,global,demo_2020,target_sds,22889241.90747201,0.5519037735316917,technology,0.07187419923534875
oil and gas,oil,2024,global,demo_2020,target_sps,23599839.713491295,0.556834830763206,technology,0.10515059420658954
oil and gas,oil,2025,global,demo_2020,projected,23792320.798101086,0.6103300701131708,technology,0.11416423953691923
oil and gas,oil,2025,global,demo_2020,target_cps,24016667.428333454,0.5568861554352742,technology,0.12467010799702616
oil and gas,oil,2025,global,demo_2020,target_sds,22691140.3740053,0.550724589726093,technology,0.06259735540581984
oil and gas,oil,2025,global,demo_2020,target_sps,23558888.03496611,0.5556622431187924,technology,0.10323287898456661
power,coalcap,2020,global,demo_2020,projected,21766.258909983197,0.13244816324009154,technology,0
power,coalcap,2020,global,demo_2020,target_cps,21766.258909983197,0.13244816324009154,technology,0
power,coalcap,2020,global,demo_2020,target_sds,21766.258909983197,0.13244816324009154,technology,0
power,coalcap,2020,global,demo_2020,target_sps,21766.258909983197,0.13244816324009154,technology,0
power,coalcap,2021,global,demo_2020,projected,21957.36541415275,0.13156809428870508,technology,0.008779942614847
power,coalcap,2021,global,demo_2020,target_cps,21488.395919764,0.1297601643775096,technology,-0.01276576702355377
power,coalcap,2021,global,demo_2020,target_sds,21205.327859507055,0.1286050169273681,technology,-0.025770668850165514
power,coalcap,2021,global,demo_2020,target_sps,21386.555945469183,0.12940669912124525,technology,-0.017444567120345204
power,coalcap,2022,global,demo_2020,projected,22148.47192003181,0.1316035030593465,technology,0.017559885308233193
power,coalcap,2022,global,demo_2020,target_cps,21210.532925764397,0.12799038270266175,technology,-0.025531534220789465
power,coalcap,2022,global,demo_2020,target_sds,20644.396812998428,0.1256567032652606,technology,-0.05154133751805284
power,coalcap,2022,global,demo_2020,target_sps,21006.852977107457,0.12727547768190794,technology,-0.03488913441746456
power,coalcap,2023,global,demo_2020,projected,22339.57842675003,0.1290151275333647,technology,0.026339828040172715
power,coalcap,2023,global,demo_2020,target_cps,20932.669931764798,0.12370748182211426,technology,-0.03829730141802499
power,coalcap,2023,global,demo_2020,target_sds,20083.465766489793,0.12024212110402961,technology,-0.0773120061859405
power,coalcap,2023,global,demo_2020,target_sps,20627.150008745728,0.12264475651185552,technology,-0.05233370171458408
power,coalcap,2024,global,demo_2020,projected,22530.684930884458,0.12905038763629634,technology,0.035119770653405824
power,coalcap,2024,global,demo_2020,target_cps,20654.806937765195,0.1219788238703684,technology,-0.051063068615260686
power,coalcap,2024,global,demo_2020,target_sds,19522.53471601366,0.11731185372392913,technology,-0.10308267503610569
power,coalcap,2024,global,demo_2020,target_sps,20247.44704423172,0.12054617001151827,technology,-0.06977826883492895
power,coalcap,2025,global,demo_2020,projected,20103.817610008093,0.12444098330374903,technology,-0.07637698820225912
power,coalcap,2025,global,demo_2020,target_cps,18063.322567153602,0.11587818413088596,technology,-0.17012277388335326
power,coalcap,2025,global,demo_2020,target_sds,16808.68163636406,0.1101874462150146,technology,-0.22776432523943377
power,coalcap,2025,global,demo_2020,target_sps,17611.937831035484,0.11412784240686506,technology,-0.19086059281608167
power,coalcap,2026,global,demo_2020,projected,20265.60250469093,0.12504350678922208,technology,-0.06894415854825575
power,coalcap,2026,global,demo_2020,target_cps,17900.5574884466,0.11540674267190358,technology,-0.17760063580625582
power,coalcap,2026,global,demo_2020,target_sds,15811.367470848343,0.1067040087934665,technology,-0.27358359853027453
power,coalcap,2026,global,demo_2020,target_sps,17348.836334073625,0.11310601823973547,technology,-0.20294817746027546
power,coalcap,2027,global,demo_2020,projected,20427.38740212744,0.12614463140399043,technology,-0.061511328767741444
power,coalcap,2027,global,demo_2020,target_cps,17737.7924097396,0.11538116640031447,technology,-0.18507849772915835
power,coalcap,2027,global,demo_2020,target_sds,14814.053305332629,0.10339259937809639,technology,-0.3194028718211151
power,coalcap,2027,global,demo_2020,target_sps,17085.734837111766,0.1125100785182494,technology,-0.21503576210446923
power,coalcap,2028,global,demo_2020,projected,20589.172296267607,0.12618336830455715,technology,-0.054078499138669786
power,coalcap,2028,global,demo_2020,target_cps,17575.027331032597,0.1143741942329331,technology,-0.1925563596520609
power,coalcap,2028,global,demo_2020,target_sds,13816.739139816913,0.09895743359427533,technology,-0.3652221451119558
power,coalcap,2028,global,demo_2020,target_sps,16822.633340149903,0.11094850730455542,technology,-0.2271233467486632
power,coalcap,2029,global,demo_2020,projected,20750.957192038863,0.12770578132081875,technology,-0.046645669434661606
power,coalcap,2029,global,demo_2020,target_cps,17412.262252325592,0.11467394826793718,technology,-0.2000342215749636
power,coalcap,2029,global,demo_2020,target_sds,12819.424974301199,0.09537444277516859,technology,-0.4110414184027964
power,coalcap,2029,global,demo_2020,target_sps,16559.531843188048,0.11064374710747574,technology,-0.23921093139285682
power,coalcap,2030,global,demo_2020,projected,20912.742087100272,0.12774762979498308,technology,-0.03921283976326565
power,coalcap,2030,global,demo_2020,target_cps,17249.49717361859,0.11365355477186724,technology,-0.20751208349786615
power,coalcap,2030,global,demo_2020,target_sds,11822.110808785483,0.09039276492828123,technology,-0.4568606916936371
power,coalcap,2030,global,demo_2020,target_sps,16296.430346226183,0.10905458868504586,technology,-0.25129851603705083
power,coalcap,2031,global,demo_2020,projected,21074.526980684514,0.12898447253587486,technology,-0.03178001015973475
power,coalcap,2031,global,demo_2020,target_cps,17160.592928935876,0.11384794837611296,technology,-0.21159658166773487
power,coalcap,2031,global,demo_2020,target_sds,11142.559893472642,0.08679109807405205,technology,-0.4880810735756683
power,coalcap,2031,global,demo_2020,target_sps,15983.039383390635,0.10845115874797537,technology,-0.26569653290028916
power,coalcap,2032,global,demo_2020,projected,21236.31187796369,0.13665568402403355,technology,-0.02434718038644869
power,coalcap,2032,global,demo_2020,target_cps,17071.68868425316,0.1196640723971588,technology,-0.2156810798376036
power,coalcap,2032,global,demo_2020,target_sds,10463.008978159802,0.08712520295882824,technology,-0.5193014554576996
power,coalcap,2032,global,demo_2020,target_sps,15669.648420555084,0.11312891341860068,technology,-0.2800945497635275
power,coalcap,2033,global,demo_2020,projected,21398.09677347088,0.1422795074269805,technology,-0.01691435069457242
power,coalcap,2033,global,demo_2020,target_cps,16982.784439570445,0.12359966237297648,technology,-0.21976557800747232
power,coalcap,2033,global,demo_2020,target_sds,9783.458062846958,0.08559472670032095,technology,-0.5505218373397309
power,coalcap,2033,global,demo_2020,target_sps,15356.257457719534,0.11592424772419926,technology,-0.2944925666267659
power,coalcap,2034,global,demo_2020,projected,21559.881668095528,0.15428968990573408,technology,-0.009481521043242434
power,coalcap,2034,global,demo_2020,target_cps,16893.88019488773,0.13296615010673682,technology,-0.22385007617734104
power,coalcap,2034,global,demo_2020,target_sds,9103.907147534119,0.08717197744603464,technology,-0.5817422192217622
power,coalcap,2034,global,demo_2020,target_sps,15042.866494883987,0.12367579082607283,technology,-0.3088905834900041
power,coalcap,2035,global,demo_2020,projected,21721.666563098453,0.1562551458405521,technology,-0.0020486913745333918
power,coalcap,2035,global,demo_2020,target_cps,16804.97595020501,0.13358510227531653,technology,-0.22793457434720993
power,coalcap,2035,global,demo_2020,target_sds,8424.356232221277,0.08245773636886124,technology,-0.6129626011037934
power,coalcap,2035,global,demo_2020,target_sps,14729.475532048435,0.12317436582866477,technology,-0.32328860035324253
power,coalcap,2036,global,demo_2020,projected,21883.451458587104,0.15630847972465495,technology,0.00538413831649114
power,coalcap,2036,global,demo_2020,target_cps,16716.071705522296,0.1325610240147065,technology,-0.23201907251707865
power,coalcap,2036,global,demo_2020,target_sds,7744.805316908434,0.07655103196298955,technology,-0.6441829829858248
power,coalcap,2036,global,demo_2020,target_sps,14547.3460782265,0.12157270029388285,technology,-0.33165611332711425
power,coalcap,2037,global,demo_2020,projected,22045.236353914628,0.15805693460486211,technology,0.012816968000113109
power,coalcap,2037,global,demo_2020,target_cps,16627.16746083958,0.13296778266396894,technology,-0.2361035706869474
power,coalcap,2037,global,demo_2020,target_sds,7065.254401595593,0.07129313311829023,technology,-0.675403364867856
power,coalcap,2037,global,demo_2020,target_sps,14365.216624404566,0.12127371399374197,technology,-0.34002362630098587
power,coalcap,2038,global,demo_2020,projected,22207.0212476971,0.1599327654855913,technology,0.02024979761275121
power,coalcap,2038,global,demo_2020,target_cps,16538.26321615686,0.1334626278039585,technology,-0.2401880688568163
power,coalcap,2038,global,demo_2020,target_sds,6385.703486282752,0.06583439207265943,technology,-0.7066237467498873
power,coalcap,2038,global,demo_2020,target_sps,14183.087170582628,0.12103765665949726,technology,-0.3483911392748577
power,coalcap,2039,global,demo_2020,projected,22368.806145641873,0.1599884280530108,technology,0.027682627416616593
power,coalcap,2039,global,demo_2020,target_cps,16449.358971474147,0.1324310380841873,technology,-0.244272567026685
power,coalcap,2039,global,demo_2020,target_sds,5706.15257096991,0.05942814107305744,technology,-0.7378441286319187
power,coalcap,2039,global,demo_2020,target_sps,14000.957716760695,0.11940708451496809,technology,-0.3567586522487293
power,coalcap,2040,global,demo_2020,projected,22530.591042638447,0.1600444663214971,technology,0.035115457176919176
power,coalcap,2040,global,demo_2020,target_cps,16360.45472679143,0.13140452978793465,technology,-0.24835706519655382
power,coalcap,2040,global,demo_2020,target_sds,5026.6016556570685,0.05289121183544361,technology,-0.7690645105139499
power,coalcap,2040,global,demo_2020,target_sps,13818.828262938758,0.11777884549536895,technology,-0.36512616522260116
power,gascap,2020,global,demo_2020,projected,4601.5398844740375,0.14283229322313332,technology,0
power,gascap,2020,global,demo_2020,target_cps,4601.5398844740375,0.14283229322313332,technology,0
power,gascap,2020,global,demo_2020,target_sds,4601.5398844740375,0.14283229322313332,technology,0
power,gascap,2020,global,demo_2020,target_sps,4601.5398844740375,0.14283229322313332,technology,0
power,gascap,2021,global,demo_2020,projected,4636.818983028557,0.14187136700437544,technology,0.007666802731310512
power,gascap,2021,global,demo_2020,target_cps,4685.717448337794,0.14033705552462009,technology,0.018293346570303175
power,gascap,2021,global,demo_2020,target_sds,4625.997891543609,0.13908330696441154,technology,0.005315178762677758
power,gascap,2021,global,demo_2020,target_sps,4669.55423291423,0.1399624342732478,technology,0.014780779944921968
power,gascap,2022,global,demo_2020,projected,4672.098081661599,0.1419018394504207,technology,0.01533360547968534
power,gascap,2022,global,demo_2020,target_cps,4769.8950150038445,0.13891608423702,technology,0.03658669374959687
power,gascap,2022,global,demo_2020,target_sds,4650.455898119971,0.13645718761126688,technology,0.010630357418172054
power,gascap,2022,global,demo_2020,target_sps,4737.568580880293,0.13818462348089877,technology,0.02956155978680678
power,gascap,2023,global,demo_2020,projected,4707.37718031559,0.13910741551043607,technology,0.02300040823261264
power,gascap,2023,global,demo_2020,target_cps,4854.072581669895,0.13483274957530517,technology,0.05488004092889056
power,gascap,2023,global,demo_2020,target_sds,4674.913905189541,0.1312869452783847,technology,0.015945536180849613
power,gascap,2023,global,demo_2020,target_sps,4805.582929794614,0.1337823941534531,technology,0.04434233983476571
power,gascap,2024,global,demo_2020,projected,4742.656278796921,0.13914595945094543,technology,0.030667210948017855
power,gascap,2024,global,demo_2020,target_cps,4938.250148335946,0.13359060559947636,technology,0.07317338810818425
power,gascap,2024,global,demo_2020,target_sds,4699.371911765902,0.12895177440704303,technology,0.021260714836343713
power,gascap,2024,global,demo_2020,target_sps,4873.597277286549,0.13222194929238382,technology,0.059123119573613755
power,gascap,2025,global,demo_2020,projected,4277.915815808187,0.12306147590294579,technology,-0.07032951507337439
power,gascap,2025,global,demo_2020,target_cps,4620.269229030216,0.11723412020396662,technology,0.004070234101278237
power,gascap,2025,global,demo_2020,target_sds,4345.580913384866,0.11214438803028444,technology,-0.05562463382155991
power,gascap,2025,global,demo_2020,target_sps,4545.924287488317,0.11573885463990492,technology,-0.012086301190906194
power,gascap,2026,global,demo_2020,projected,4286.882389043073,0.12366952308015598,technology,-0.06838091233168356
power,gascap,2026,global,demo_2020,target_cps,4693.838297743508,0.11728688807533172,technology,0.02005815783122782
power,gascap,2026,global,demo_2020,target_sds,4364.73146404754,0.11031912395304337,technology,-0.05146286381772074
power,gascap,2026,global,demo_2020,target_sps,4602.945018512093,0.11536903170425543,technology,3.053616991991432e-4
power,gascap,2027,global,demo_2020,projected,4295.848961743529,0.12477479165110171,technology,-0.06643230970613428
power,gascap,2027,global,demo_2020,target_cps,4767.407366456799,0.11782118614895806,technology,0.0360460815611772
power,gascap,2027,global,demo_2020,target_sds,4383.882014710214,0.10902615458582818,technology,-0.04730109381388138
power,gascap,2027,global,demo_2020,target_sps,4659.965749535871,0.1154843084762276,technology,0.01269702458930468
power,gascap,2028,global,demo_2020,projected,4304.815534757575,0.12483297308652175,technology,-0.06448370701243605
power,gascap,2028,global,demo_2020,target_cps,4840.9764351700915,0.11737830274355111,technology,0.052034005291126985
power,gascap,2028,global,demo_2020,target_sds,4403.03256537289,0.10691024203470402,technology,-0.04313932381004182
power,gascap,2028,global,demo_2020,target_sps,4716.986480559649,0.11465433896870804,technology,0.025088687479410413
power,gascap,2029,global,demo_2020,projected,4313.782107864093,0.12632914666701844,technology,-0.06253510429864197
power,gascap,2029,global,demo_2020,target_cps,4914.545503883383,0.11829458671281806,technology,0.06802192902107657
power,gascap,2029,global,demo_2020,target_sds,4422.183116035564,0.10610362820194556,technology,-0.03897755380620245
power,gascap,2029,global,demo_2020,target_sps,4774.007211583426,0.11516276457067849,technology,0.03748035036951595
power,gascap,2030,global,demo_2020,projected,4322.748680422537,0.12639431206395388,technology,-0.06058650170395436
power,gascap,2030,global,demo_2020,target_cps,4988.114572596675,0.11788273145709352,technology,0.08400985275102615
power,gascap,2030,global,demo_2020,target_sds,4441.333666698239,0.10417175091974092,technology,-0.03481578380236309
power,gascap,2030,global,demo_2020,target_sps,4831.027942607204,0.11438833656770911,technology,0.049872013259621484
power,gascap,2031,global,demo_2020,projected,4331.71525357919,0.12764335668224594,technology,-0.058637898979265
power,gascap,2031,global,demo_2020,target_cps,5069.544279701983,0.11867040597029795,technology,0.10170603906032193
power,gascap,2031,global,demo_2020,target_sds,4469.169981777922,0.10328679694009922,technology,-0.02876643602345867
power,gascap,2031,global,demo_2020,target_sps,4899.758466397732,0.1147903737572507,technology,0.06480843139704341
power,gascap,2032,global,demo_2020,projected,3710.9802396920727,0.11815507281696383,technology,-0.1935351354416777
power,gascap,2032,global,demo_2020,target_cps,4706.465820431454,0.10973521155523287,technology,0.022802352819203994
power,gascap,2032,global,demo_2020,target_sds,4108.932890096766,0.09407253418969792,technology,-0.10705264036488461
power,gascap,2032,global,demo_2020,target_sps,4539.728538991335,0.10580397643003688,technology,-0.013432752303475402
power,gascap,2033,global,demo_2020,projected,3697.9131716066163,0.12304779092446055,technology,-0.19637485180044398
power,gascap,2033,global,demo_2020,target_cps,4780.868474034529,0.11395210904438322,technology,0.038971430013148484
power,gascap,2033,global,demo_2020,target_sds,4134.36704406936,0.09629954112212886,technology,-0.1015253267674492
power,gascap,2033,global,demo_2020,target_sps,4602.527897300845,0.10954851566061755,technology,0.00021471352017211104
power,gascap,2034,global,demo_2020,projected,3243.760907965104,0.11523059996939317,technology,-0.2950705656361229
power,gascap,2034,global,demo_2020,target_cps,4158.494752164678,0.10671607047253116,technology,-0.09628192810068407
power,gascap,2034,global,demo_2020,target_sds,3562.831198784697,0.08889019816257052,technology,-0.22573067098560345
power,gascap,2034,global,demo_2020,target_sps,3995.8095849996716,0.1022785473809667,technology,-0.1316364336030528
power,gascap,2035,global,demo_2020,projected,3238.8351101227126,0.11671386758724361,technology,-0.2961410329070926
power,gascap,2035,global,demo_2020,target_cps,4222.219935871578,0.10783078488584553,technology,-0.0824332632391855
power,gascap,2035,global,demo_2020,target_sds,3584.6153160956183,0.08861473507390388,technology,-0.2209965780823945
power,gascap,2035,global,demo_2020,target_sps,4049.5966537552886,0.10306608349497452,technology,-0.11994750552549799
power,gascap,2036,global,demo_2020,projected,3233.9093119643644,0.11674060012572846,technology,-0.2972115002467256
power,gascap,2036,global,demo_2020,target_cps,4285.945119578479,0.10763120026180052,technology,-0.06858459837768674
power,gascap,2036,global,demo_2020,target_sds,3606.399433406539,0.08729906349037805,technology,-0.2162624851791857
power,gascap,2036,global,demo_2020,target_sps,4094.9611911624393,0.10264252499092033,technology,-0.11008894979283677
power,gascap,2037,global,demo_2020,projected,3228.983513886439,0.11798183107861464,technology,-0.29828196756888126
power,gascap,2037,global,demo_2020,target_cps,4349.670303285379,0.10860414403323439,technology,-0.05473593351618798
power,gascap,2037,global,demo_2020,target_sds,3628.1835507174605,0.08697366348886752,technology,-0.21152839227597675
power,gascap,2037,global,demo_2020,target_sps,4140.325728569592,0.10334086586477542,technology,-0.10023039406017518
power,gascap,2038,global,demo_2020,projected,2822.5183950372625,0.1077027529850747,technology,-0.38661437999034526
power,gascap,2038,global,demo_2020,target_cps,3929.945857477719,0.09934519614791772,technology,-0.14594984371695446
power,gascap,2038,global,demo_2020,target_sds,3250.1450094768816,0.07854392114196175,technology,-0.2936831819184856
power,gascap,2038,global,demo_2020,target_sps,3727.183790789264,0.09430164894863642,technology,-0.1900138031259754
power,gascap,2039,global,demo_2020,projected,2815.444873654063,0.10739358877014034,technology,-0.3881515874384576
power,gascap,2039,global,demo_2020,target_cps,3986.6904937705813,0.09919438880967216,technology,-0.1336181813349064
power,gascap,2039,global,demo_2020,target_sds,3269.5428635412145,0.07748664233502917,technology,-0.2894676682966689
power,gascap,2039,global,demo_2020,target_sps,3767.579032136902,0.09395612995972712,technology,-0.1812351676339884
power,gascap,2040,global,demo_2020,projected,2808.371352052157,0.10665172167088732,technology,-0.38968879493409897
power,gascap,2040,global,demo_2020,target_cps,4043.4351300634444,0.09904954521409044,technology,-0.12128651895285818
power,gascap,2040,global,demo_2020,target_sds,3288.940717605548,0.07647327848498586,technology,-0.2852521546748522
power,gascap,2040,global,demo_2020,target_sps,3807.97427348454,0.09362146677139455,technology,-0.17245653214200127
power,hydrocap,2020,global,demo_2020,projected,23260.661678201683,0.28042453765875286,sector,0
power,hydrocap,2020,global,demo_2020,target_cps,23260.661678201683,0.28042453765875286,sector,0
power,hydrocap,2020,global,demo_2020,target_sds,23260.661678201683,0.28042453765875286,sector,0
power,hydrocap,2020,global,demo_2020,target_sps,23260.661678201683,0.28042453765875286,sector,0
power,hydrocap,2021,global,demo_2020,projected,24069.492744300158,0.2853789004004468,sector,0.014153229417037155
power,hydrocap,2021,global,demo_2020,target_cps,24032.99452297509,0.28259796346401295,sector,0.013514569848458448
power,hydrocap,2021,global,demo_2020,target_sds,24060.620630404723,0.2807596284265327,sector,0.01399798183983679
power,hydrocap,2021,global,demo_2020,target_sps,24037.4773985811,0.2819744593084746,sector,0.013593012887504884
power,hydrocap,2022,global,demo_2020,projected,24167.386061229525,0.28536178200990897,sector,0.015866203400070802
power,hydrocap,2022,global,demo_2020,target_cps,24079.64298390132,0.27987416701232937,sector,0.014330842117308581
power,hydrocap,2022,global,demo_2020,target_sds,24134.895198743434,0.2763296141045481,sector,0.01529766609976505
power,hydrocap,2022,global,demo_2020,target_sps,24088.608731510514,0.27866167102082706,sector,0.014487728132357741
power,hydrocap,2023,global,demo_2020,projected,25167.04944887372,0.2895554660416983,sector,0.03335868836777637
power,hydrocap,2023,global,demo_2020,target_cps,25030.968824756193,0.2812749554386809,sector,0.03097749855809308
power,hydrocap,2023,global,demo_2020,target_sds,25115.56891099334,0.2760483425299868,sector,0.032457862603691816
power,hydrocap,2023,global,demo_2020,target_sps,25044.696834059785,0.2794755673862271,sector,0.031217716414771324
power,hydrocap,2024,global,demo_2020,projected,25213.78453940597,0.2895399003898975,sector,0.03417647651397054
power,hydrocap,2024,global,demo_2020,target_cps,25078.58638879262,0.2786467105874544,sector,0.031810728556711805
power,hydrocap,2024,global,demo_2020,target_sds,25191.38650376964,0.2719234451978679,sector,0.03378454728407455
power,hydrocap,2024,global,demo_2020,target_sps,25096.890399971515,0.27631229926947276,sector,0.03213101901083163
power,hydrocap,2025,global,demo_2020,projected,25260.5196310353,0.3045682805638498,sector,0.034994264679361814
power,hydrocap,2025,global,demo_2020,target_cps,25112.78485152854,0.2902441626956863,sector,0.03240914608677307
power,hydrocap,2025,global,demo_2020,target_sds,25245.83794770181,0.28159912826165445,sector,0.03473735907675003
power,hydrocap,2025,global,demo_2020,target_sps,25134.375301701828,0.2872379087640479,sector,0.0327869438832816
power,hydrocap,2026,global,demo_2020,projected,25496.18450210821,0.3135996051246481,sector,0.039118017000004425
power,hydrocap,2026,global,demo_2020,target_cps,25342.655189112236,0.29740158979784914,sector,0.03643150348667754
power,hydrocap,2026,global,demo_2020,target_sds,25521.521168400086,0.2847127942030198,sector,0.0395613674915002
power,hydrocap,2026,global,demo_2020,target_sps,25371.795089700154,0.29339695304182734,sector,0.036941404398619315
power,hydrocap,2027,global,demo_2020,projected,25603.98103332613,0.3162499766974183,sector,0.04100428114172108
power,hydrocap,2027,global,demo_2020,target_cps,25384.102158026417,0.2985273955855082,sector,0.03715675809702875
power,hydrocap,2027,global,demo_2020,target_sds,25609.075601701545,0.28217043120229485,sector,0.041093427810315095
power,hydrocap,2027,global,demo_2020,target_sps,25420.839282063414,0.29360684966826567,sector,0.03779959807488202
power,hydrocap,2028,global,demo_2020,projected,25711.777565279015,0.31623584070183836,sector,0.04289054529629845
power,hydrocap,2028,global,demo_2020,target_cps,25425.58192076672,0.29720505728562546,sector,0.037882586546051616
power,hydrocap,2028,global,demo_2020,target_sds,25696.68491277122,0.27755046286764334,sector,0.04262644840090492
power,hydrocap,2028,global,demo_2020,target_sps,25469.919866051994,0.29143767717211955,sector,0.0386584285454564
power,hydrocap,2029,global,demo_2020,projected,25819.57409603351,0.31984209597359936,sector,0.044776809429905945
power,hydrocap,2029,global,demo_2020,target_cps,25465.411736057962,0.29921844019229327,sector,0.03857954359565454
power,hydrocap,2029,global,demo_2020,target_sds,25781.302235727595,0.27616975629787927,sector,0.044107114061082836
power,hydrocap,2029,global,demo_2020,target_sps,25517.130777538518,0.2925496877775764,sector,0.03948454278520649
power,hydrocap,2030,global,demo_2020,projected,25927.370624036812,0.31982898938485554,sector,0.046663073515372036
power,hydrocap,2030,global,demo_2020,target_cps,25506.71602017844,0.2979178439183835,sector,0.03930230145395918
power,hydrocap,2030,global,demo_2020,target_sds,25868.540918809682,0.27194267147309076,sector,0.04563364926410958
power,hydrocap,2030,global,demo_2020,target_sps,25566.003727910862,0.2904482743949901,sector,0.040339740004872934
power,hydrocap,2031,global,demo_2020,projected,26035.16715475213,0.3228063848051521,sector,0.048549337648293986
power,hydrocap,2031,global,demo_2020,target_cps,25540.603703862005,0.299444544702216,sector,0.03989528085557764
power,hydrocap,2031,global,demo_2020,target_sds,25931.13225989597,0.2698602981871041,sector,0.04672889603076432
power,hydrocap,2031,global,demo_2020,target_sps,25603.678814394923,0.2909734895312903,sector,0.040998992801489324
power,hydrocap,2032,global,demo_2020,projected,26142.96368545858,0.3418785801223941,sector,0.0504356017810608
power,hydrocap,2032,global,demo_2020,target_cps,25564.004331612745,0.31544442561314323,sector,0.040304753818400985
power,hydrocap,2032,global,demo_2020,target_sds,25974.397404414634,0.2804822987605647,sector,0.0474859657599077
power,hydrocap,2032,global,demo_2020,target_sps,25629.462387179905,0.3054756041349862,sector,0.041450163430452644
power,hydrocap,2033,global,demo_2020,projected,26250.760217741965,0.35581630805879133,sector,0.05232186594142138
power,hydrocap,2033,global,demo_2020,target_cps,25596.593750449207,0.3265595334187303,sector,0.04087501569469766
power,hydrocap,2033,global,demo_2020,target_sds,26034.591413921647,0.28662580564162526,sector,0.048539263119260545
power,hydrocap,2033,global,demo_2020,target_sps,25665.690948083746,0.31518601737128255,sector,0.042084104379821095
power,hydrocap,2034,global,demo_2020,projected,24231.430309591,0.365916895100573,sector,0.016986873683266016
power,hydrocap,2034,global,demo_2020,target_cps,24130.437022340073,0.3342858018202796,sector,0.015219655256632192
power,hydrocap,2034,global,demo_2020,target_sds,24575.679818835848,0.2899669840847921,sector,0.023010680736754722
power,hydrocap,2034,global,demo_2020,target_sps,24199.997537186056,0.3216299530115116,sector,0.0164368512401289
power,hydrocap,2035,global,demo_2020,projected,24292.618076664676,0.370440139005173,sector,0.01805756018531554
power,hydrocap,2035,global,demo_2020,target_cps,24160.532647923053,0.33693837890999095,sector,0.015746279803065373
power,hydrocap,2035,global,demo_2020,target_sds,24631.269923231437,0.2889415158213715,sector,0.0239834172373728
power,hydrocap,2035,global,demo_2020,target_sps,24233.441932702724,0.32318189708928124,sector,0.017022073819109196
power,hydrocap,2036,global,demo_2020,projected,24353.80584729661,0.37042837660762523,sector,0.019128246749628833
power,hydrocap,2036,global,demo_2020,target_cps,24193.149441403955,0.335578310632009,sector,0.0163170206911597
power,hydrocap,2036,global,demo_2020,target_sds,24691.50722338097,0.28468002811848014,sector,0.025037472112628373
power,hydrocap,2036,global,demo_2020,target_sps,24267.12892448973,0.3212195895772919,sector,0.017611541438634703
power,hydrocap,2037,global,demo_2020,projected,24414.993619253186,0.3744321337685174,sector,0.020198933337121153
power,hydrocap,2037,global,demo_2020,target_cps,24224.160407290467,0.33774262341396577,sector,0.016859662205602064
power,hydrocap,2037,global,demo_2020,target_sds,24748.78365375875,0.28346018972578313,sector,0.026039716577886073
power,hydrocap,2037,global,demo_2020,target_sps,24299.016743280303,0.32262831106848305,sector,0.018169526454132272
power,hydrocap,2038,global,demo_2020,projected,24476.18138804728,0.37873436069177424,sector,0.021269619869275204
power,hydrocap,2038,global,demo_2020,target_cps,24252.01701008697,0.34017225354355957,sector,0.0173471074913772
power,hydrocap,2038,global,demo_2020,target_sds,24800.243034671308,0.282529479216465,sector,0.026940172129410925
power,hydrocap,2038,global,demo_2020,target_sps,24327.398133369526,0.32428881208374566,sector,0.018666154664822566
power,hydrocap,2039,global,demo_2020,projected,24537.369157535068,0.3787244969312256,sector,0.022340306413567764
power,hydrocap,2039,global,demo_2020,target_cps,24284.317252024044,0.33882578813438086,sector,0.017912309241807454
power,hydrocap,2039,global,demo_2020,target_sds,24859.895721548863,0.2786650689002214,sector,0.027983997222323368
power,hydrocap,2039,global,demo_2020,target_sps,24360.758187155614,0.3223744562551966,sector,0.019249901400561462
power,hydrocap,2040,global,demo_2020,projected,24598.556926618843,0.3787153626441467,sector,0.02341099295079077
power,hydrocap,2040,global,demo_2020,target_cps,24316.61749396112,0.3374967170997728,sector,0.01847751099223771
power,hydrocap,2040,global,demo_2020,target_sds,24919.548408426414,0.2749524198584014,sector,0.029027822315235745
power,hydrocap,2040,global,demo_2020,target_sps,24394.118240941698,0.3204922859592797,sector,0.019833648136300293
power,nuclearcap,2020,global,demo_2020,projected,0,0,sector,0
power,nuclearcap,2020,global,demo_2020,target_cps,0,0,sector,0
power,nuclearcap,2020,global,demo_2020,target_sds,0,0,sector,0
power,nuclearcap,2020,global,demo_2020,target_sps,0,0,sector,0
power,nuclearcap,2021,global,demo_2020,projected,0,0,sector,0
power,nuclearcap,2021,global,demo_2020,target_cps,0,0,sector,0
power,nuclearcap,2021,global,demo_2020,target_sds,0,0,sector,0
power,nuclearcap,2021,global,demo_2020,target_sps,0,0,sector,0
power,nuclearcap,2022,global,demo_2020,projected,0,0,sector,0
power,nuclearcap,2022,global,demo_2020,target_cps,0,0,sector,0
power,nuclearcap,2022,global,demo_2020,target_sds,0,0,sector,0
power,nuclearcap,2022,global,demo_2020,target_sps,0,0,sector,0
power,nuclearcap,2023,global,demo_2020,projected,0,0,sector,0
power,nuclearcap,2023,global,demo_2020,target_cps,0,0,sector,0
power,nuclearcap,2023,global,demo_2020,target_sds,0,0,sector,0
power,nuclearcap,2023,global,demo_2020,target_sps,0,0,sector,0
power,nuclearcap,2024,global,demo_2020,projected,0,0,sector,0
power,nuclearcap,2024,global,demo_2020,target_cps,0,0,sector,0
power,nuclearcap,2024,global,demo_2020,target_sds,0,0,sector,0
power,nuclearcap,2024,global,demo_2020,target_sps,0,0,sector,0
power,nuclearcap,2025,global,demo_2020,projected,0,0,sector,0
power,nuclearcap,2025,global,demo_2020,target_cps,0,0,sector,0
power,nuclearcap,2025,global,demo_2020,target_sds,0,0,sector,0
power,nuclearcap,2025,global,demo_2020,target_sps,0,0,sector,0
power,nuclearcap,2026,global,demo_2020,projected,0,0,sector,0
power,nuclearcap,2026,global,demo_2020,target_cps,0,0,sector,0
power,nuclearcap,2026,global,demo_2020,target_sds,0,0,sector,0
power,nuclearcap,2026,global,demo_2020,target_sps,0,0,sector,0
power,nuclearcap,2027,global,demo_2020,projected,0,0,sector,0
power,nuclearcap,2027,global,demo_2020,target_cps,0,0,sector,0
power,nuclearcap,2027,global,demo_2020,target_sds,0,0,sector,0
power,nuclearcap,2027,global,demo_2020,target_sps,0,0,sector,0
power,nuclearcap,2028,global,demo_2020,projected,0,0,sector,0
power,nuclearcap,2028,global,demo_2020,target_cps,0,0,sector,0
power,nuclearcap,2028,global,demo_2020,target_sds,0,0,sector,0
power,nuclearcap,2028,global,demo_2020,target_sps,0,0,sector,0
power,nuclearcap,2029,global,demo_2020,projected,0,0,sector,0
power,nuclearcap,2029,global,demo_2020,target_cps,0,0,sector,0
power,nuclearcap,2029,global,demo_2020,target_sds,0,0,sector,0
power,nuclearcap,2029,global,demo_2020,target_sps,0,0,sector,0
power,nuclearcap,2030,global,demo_2020,projected,0,0,sector,0
power,nuclearcap,2030,global,demo_2020,target_cps,0,0,sector,0
power,nuclearcap,2030,global,demo_2020,target_sds,0,0,sector,0
power,nuclearcap,2030,global,demo_2020,target_sps,0,0,sector,0
power,nuclearcap,2031,global,demo_2020,projected,0,0,sector,0
power,nuclearcap,2031,global,demo_2020,target_cps,0,0,sector,0
power,nuclearcap,2031,global,demo_2020,target_sds,21.749344254935934,3.4086659702682446e-4,sector,3.805781847562588e-4
power,nuclearcap,2031,global,demo_2020,target_sps,0,0,sector,0
power,nuclearcap,2032,global,demo_2020,projected,0,0,sector,0
power,nuclearcap,2032,global,demo_2020,target_cps,0,0,sector,0
power,nuclearcap,2032,global,demo_2020,target_sds,43.013722457906674,6.845610620440264e-4,sector,7.52670251606529e-4
power,nuclearcap,2032,global,demo_2020,target_sps,0,0,sector,0
power,nuclearcap,2033,global,demo_2020,projected,0,0,sector,0
power,nuclearcap,2033,global,demo_2020,target_cps,0,0,sector,0
power,nuclearcap,2033,global,demo_2020,target_sds,64.56065337631632,0.001011092171179583,sector,0.0011297065318675225
power,nuclearcap,2033,global,demo_2020,target_sps,0,0,sector,0
power,nuclearcap,2034,global,demo_2020,projected,0,0,sector,0
power,nuclearcap,2034,global,demo_2020,target_cps,0,0,sector,0
power,nuclearcap,2034,global,demo_2020,target_sds,82.22688743543105,0.001345391883352377,sector,0.001438836922691661
power,nuclearcap,2034,global,demo_2020,target_sps,0,0,sector,0
power,nuclearcap,2035,global,demo_2020,projected,0,0,sector,0
power,nuclearcap,2035,global,demo_2020,target_cps,0,0,sector,0
power,nuclearcap,2035,global,demo_2020,target_sds,102.42455331194711,0.0016653703470605808,sector,0.001792263257090383
power,nuclearcap,2035,global,demo_2020,target_sps,0,0,sector,0
power,nuclearcap,2036,global,demo_2020,projected,0,0,sector,0
power,nuclearcap,2036,global,demo_2020,target_cps,0,0,sector,0
power,nuclearcap,2036,global,demo_2020,target_sds,123.01485137606348,0.0019763688790666164,sector,0.00215256001679859
power,nuclearcap,2036,global,demo_2020,target_sps,0,0,sector,0
power,nuclearcap,2037,global,demo_2020,projected,0,0,sector,0
power,nuclearcap,2037,global,demo_2020,target_cps,0,0,sector,0
power,nuclearcap,2037,global,demo_2020,target_sds,143.2351892373013,0.002283925757383584,sector,0.0025063830740910736
power,nuclearcap,2037,global,demo_2020,target_sps,0,0,sector,0
power,nuclearcap,2038,global,demo_2020,projected,0,0,sector,0
power,nuclearcap,2038,global,demo_2020,target_cps,0,0,sector,0
power,nuclearcap,2038,global,demo_2020,target_sds,162.60190268121232,0.002588512931255219,sector,0.0028452690911030835
power,nuclearcap,2038,global,demo_2020,target_sps,0,0,sector,0
power,nuclearcap,2039,global,demo_2020,projected,0,0,sector,0
power,nuclearcap,2039,global,demo_2020,target_cps,0,0,sector,0
power,nuclearcap,2039,global,demo_2020,target_sds,182.99236839075047,0.002882673797170882,sector,0.003202069109306374
power,nuclearcap,2039,global,demo_2020,target_sps,0,0,sector,0
power,nuclearcap,2040,global,demo_2020,projected,0,0,sector,0
power,nuclearcap,2040,global,demo_2020,target_cps,0,0,sector,0
power,nuclearcap,2040,global,demo_2020,target_sds,203.38283410028862,0.003171710688281235,sector,0.0035588691275096644
power,nuclearcap,2040,global,demo_2020,target_sps,0,0,sector,0
power,oilcap,2020,global,demo_2020,projected,139.24945509995266,0.04838924977646159,technology,0
power,oilcap,2020,global,demo_2020,target_cps,139.24945509995266,0.04838924977646159,technology,0
power,oilcap,2020,global,demo_2020,target_sds,139.24945509995266,0.04838924977646159,technology,0
power,oilcap,2020,global,demo_2020,target_sps,139.24945509995266,0.04838924977646159,technology,0
power,oilcap,2021,global,demo_2020,projected,138.75188509013142,0.047933150686505846,technology,-0.0035732276974734145
power,oilcap,2021,global,demo_2020,target_cps,129.8312157720439,0.04718200253482319,technology,-0.06763573560232888
power,oilcap,2021,global,demo_2020,target_sds,128.34286887084582,0.0467365231138301,technology,-0.07832408551457623
power,oilcap,2021,global,demo_2020,target_sps,129.7068160620687,0.047056091710075076,technology,-0.06852909428646807
power,oilcap,2022,global,demo_2020,projected,138.25431507216175,0.04782223265960592,technology,-0.007146455453463735
power,oilcap,2022,global,demo_2020,target_cps,120.4129764441351,0.046241574301233844,technology,-0.13527147120465796
power,oilcap,2022,global,demo_2020,target_sds,117.43628254470956,0.045297543721326466,technology,-0.1566481717259554
power,oilcap,2022,global,demo_2020,target_sps,120.16417711831951,0.04597867295494348,technology,-0.13705818789692076
power,oilcap,2023,global,demo_2020,projected,137.7567450525213,0.04676993358129936,technology,-0.010719683221452453
power,oilcap,2023,global,demo_2020,target_cps,110.99473711622633,0.04431702890773428,technology,-0.20290720680698685
power,oilcap,2023,global,demo_2020,target_sds,106.52969621857326,0.042839302661901814,technology,-0.23497225793733476
power,oilcap,2023,global,demo_2020,target_sps,110.62153817457032,0.04391260301667992,technology,-0.20558728150737351
power,oilcap,2024,global,demo_2020,projected,137.25917505769445,0.04667984650360901,technology,-0.014292910811245844
power,oilcap,2024,global,demo_2020,target_cps,101.57649778831755,0.04321426330547324,technology,-0.2705429424093158
power,oilcap,2024,global,demo_2020,target_sds,95.62310988273404,0.041104502593478164,technology,-0.3132963442183943
power,oilcap,2024,global,demo_2020,target_sps,101.07889923082112,0.04264862832903561,technology,-0.2741163751178263
power,oilcap,2025,global,demo_2020,projected,136.76160504651537,0.049019268176673035,technology,-0.017866138518470444
power,oilcap,2025,global,demo_2020,target_cps,92.15825846040877,0.044168674854105354,technology,-0.3381786780116448
power,oilcap,2025,global,demo_2020,target_sds,84.71652356630071,0.041178756089631896,technology,-0.3916204303600933
power,oilcap,2025,global,demo_2020,target_sps,91.53626028707191,0.04338648070810849,technology,-0.34264546872827917
power,oilcap,2026,global,demo_2020,projected,136.26403500759537,0.04916362584322244,technology,-0.021439366424912513
power,oilcap,2026,global,demo_2020,target_cps,88.31749948623187,0.043654345484750695,technology,-0.36576053800111497
power,oilcap,2026,global,demo_2020,target_sds,80.14076920918848,0.03944952515200076,technology,-0.424480554328462
power,oilcap,2026,global,demo_2020,target_sps,87.29643087258471,0.04259048140435306,technology,-0.3730931958769698
power,oilcap,2027,global,demo_2020,projected,135.35908560020917,0.04101230358213876,technology,-0.027938130867018438
power,oilcap,2027,global,demo_2020,target_cps,80.31134107052641,0.03575326171786288,technology,-0.4232556169582188
power,oilcap,2027,global,demo_2020,target_sds,71.83903692305073,0.031248135251244997,technology,-0.48409825466473116
power,oilcap,2027,global,demo_2020,target_sps,78.96122657464718,0.03462722791869176,technology,-0.4329512706676722
power,oilcap,2028,global,demo_2020,projected,135.7841964642679,0.04094947173132268,technology,-0.024885258137616512
power,oilcap,2028,global,demo_2020,target_cps,76.65996316371915,0.03508662418916393,technology,-0.44947746396068144
power,oilcap,2028,global,demo_2020,target_sds,67.48890496244856,0.02959541826535901,technology,-0.5153381037361667
power,oilcap,2028,global,demo_2020,target_sps,74.93045568879437,0.033709837926885755,technology,-0.46189767396210196
power,oilcap,2029,global,demo_2020,projected,124.69667442399474,0.04131920564282229,technology,-0.10450870824242721
power,oilcap,2029,global,demo_2020,target_cps,69.43956878134881,0.03476787033679099,technology,-0.5013296911538693
power,oilcap,2029,global,demo_2020,target_sds,60.05224118784863,0.028225412279304966,technology,-0.5687434385668267
power,oilcap,2029,global,demo_2020,target_sps,67.43376168878328,0.03311128548572958,technology,-0.5157341072510508
power,oilcap,2030,global,demo_2020,projected,124.56166420840447,0.0412695627200927,technology,-0.1054782647515953
power,oilcap,2030,global,demo_2020,target_cps,65.96668807267304,0.03402410123599022,technology,-0.5262696861160251
power,oilcap,2030,global,demo_2020,target_sds,55.91476493867585,0.02650346333300124,technology,-0.5984561311314254
power,oilcap,2030,global,demo_2020,target_sps,63.60003458415435,0.03209196072088541,technology,-0.5432654688774006
power,oilcap,2031,global,demo_2020,projected,124.42665399211207,0.041614012199658074,technology,-0.10644782126580565
power,oilcap,2031,global,demo_2020,target_cps,64.08366922476517,0.033775701293860184,technology,-0.5397923160362373
power,oilcap,2031,global,demo_2020,target_sds,53.63563655391278,0.025350992236169292,technology,-0.6148233649071492
power,oilcap,2031,global,demo_2020,target_sps,61.599278460029886,0.0315855057430587,technology,-0.557633612168793
power,oilcap,2032,global,demo_2020,projected,124.29164379360954,0.04404068110077579,technology,-0.10741737765226059
power,oilcap,2032,global,demo_2020,target_cps,62.20065037685733,0.03515936725258082,technology,-0.5533149459564493
power,oilcap,2032,global,demo_2020,target_sds,51.356508169149706,0.025402028064448596,technology,-0.631190598682873
power,oilcap,2032,global,demo_2020,target_sps,59.59852233590543,0.03258838023474016,technology,-0.5720017554601857
power,oilcap,2033,global,demo_2020,projected,111.89371599780183,0.03324329001633978,technology,-0.1964513188400988
power,oilcap,2033,global,demo_2020,target_cps,55.645779140877906,0.025910661596512362,technology,-0.6003878140784421
power,oilcap,2033,global,demo_2020,target_sds,45.276131821990454,0.018016698479863986,technology,-0.6748559497809781
power,oilcap,2033,global,demo_2020,target_sps,53.13657874796373,0.02380118085657142,technology,-0.6184072769992347
power,oilcap,2034,global,demo_2020,projected,111.56558844153133,0.036028525314177565,technology,-0.19880771984744905
power,oilcap,2034,global,demo_2020,target_cps,53.90860796434555,0.02755540723454192,technology,-0.6128630598543442
power,oilcap,2034,global,demo_2020,target_sds,43.17353144598991,0.01840425287471845,technology,-0.6899554729675593
power,oilcap,2034,global,demo_2020,target_sps,51.290789538810955,0.02507182125452183,technology,-0.6316625476057005
power,oilcap,2035,global,demo_2020,projected,111.23746087522632,0.036486853581173914,technology,-0.2011641209268607
power,oilcap,2035,global,demo_2020,target_cps,52.17143678781319,0.027345381566948164,technology,-0.6253383056302464
power,oilcap,2035,global,demo_2020,target_sds,41.070931069989356,0.017518499867097782,technology,-0.7050549961541407
power,oilcap,2035,global,demo_2020,target_sps,49.44500032965817,0.02463501150336184,technology,-0.6449178182121663
power,oilcap,2036,global,demo_2020,projected,110.90933331822686,0.03652664146741236,technology,-0.2035205219394459
power,oilcap,2036,global,demo_2020,target_cps,50.43426561128083,0.026781154803908216,technology,-0.6378135514061485
power,oilcap,2036,global,demo_2020,target_sds,38.968330693988804,0.016430434322733098,technology,-0.7201545193407219
power,oilcap,2036,global,demo_2020,target_sps,47.7266266117403,0.02395592454547124,technology,-0.657258072733697
power,oilcap,2037,global,demo_2020,projected,110.58120575040071,0.03700426057291524,technology,-0.2058769230297813
power,oilcap,2037,global,demo_2020,target_cps,48.697094434748465,0.02648763167730746,technology,-0.6502887971820507
power,oilcap,2037,global,demo_2020,target_sds,36.86573031798825,0.01553382381768308,technology,-0.7352540425273033
power,oilcap,2037,global,demo_2020,target_sps,46.00825289382242,0.0235197710429943,technology,-0.6695983272552276
power,oilcap,2038,global,demo_2020,projected,110.25307818837139,0.037580375072596435,technology,-0.2082333240784877
power,oilcap,2038,global,demo_2020,target_cps,46.959923258216115,0.026187880371624575,technology,-0.6627640429579528
power,oilcap,2038,global,demo_2020,target_sds,34.76312994198771,0.014650233119630941,technology,-0.7503535657138847
power,oilcap,2038,global,demo_2020,target_sps,44.28987917590456,0.02307706756019969,technology,-0.6819385817767583
power,oilcap,2039,global,demo_2020,projected,109.92495063937922,0.037851489048063285,technology,-0.21058972503356968
power,oilcap,2039,global,demo_2020,target_cps,45.22275208168375,0.02556795706887281,technology,-0.675239288733855
power,oilcap,2039,global,demo_2020,target_sds,32.66052956598715,0.013611426333065054,technology,-0.765453088900466
power,oilcap,2039,global,demo_2020,target_sps,42.57150545798669,0.02235332573275668,technology,-0.6942788362982889
power,oilcap,2040,global,demo_2020,projected,109.59682306605637,0.038382932314970974,technology,-0.21294612616337888
power,oilcap,2040,global,demo_2020,target_cps,43.485580905151394,0.024932157905572395,technology,-0.6877145345097571
power,oilcap,2040,global,demo_2020,target_sds,30.5579291899866,0.012595515247687546,technology,-0.7805526120870473
power,oilcap,2040,global,demo_2020,target_sps,40.85313174006882,0.021619107227485945,technology,-0.7066190908198196
power,renewablescap,2020,global,demo_2020,projected,7380.453382929299,0.3959057561015607,sector,0
power,renewablescap,2020,global,demo_2020,target_cps,7380.453382929299,0.3959057561015607,sector,0
power,renewablescap,2020,global,demo_2020,target_sds,7380.453382929299,0.3959057561015607,sector,0
power,renewablescap,2020,global,demo_2020,target_sps,7380.453382929299,0.3959057561015607,sector,0
power,renewablescap,2021,global,demo_2020,projected,7361.388377367103,0.39324848761996684,sector,-3.336066193159666e-4
power,renewablescap,2021,global,demo_2020,target_cps,8077.440189552988,0.40012281409903416,sector,0.01219613660782927
power,renewablescap,2021,global,demo_2020,target_sds,8538.938903628454,0.40481552456785763,sector,0.020271614231957103
power,renewablescap,2021,global,demo_2020,target_sps,8220.661570782175,0.4016003155869573,sector,0.014702278064214456
power,renewablescap,2022,global,demo_2020,projected,7342.3233721646175,0.3933106428207178,sector,-6.672132323375979e-4
power,renewablescap,2022,global,demo_2020,target_cps,8774.426996176677,0.4069777917467551,sector,0.02439227321565852
power,renewablescap,2022,global,demo_2020,target_sds,9697.4244225422,0.41625895129759793,sector,0.04054322843267247
power,renewablescap,2022,global,demo_2020,target_sps,9060.869756834789,0.4098995548614227,sector,0.029404556096927253
power,renewablescap,2023,global,demo_2020,projected,7623.794324760443,0.39555205733320153,sector,0.004258071086348158
power,renewablescap,2023,global,demo_2020,target_cps,9815.388628768891,0.41586778425616544,sector,0.04260741036596354
power,renewablescap,2023,global,demo_2020,target_sds,11228.647122528548,0.42958328842569715,sector,0.06733713765529781
power,renewablescap,2023,global,demo_2020,target_sps,10253.978869441433,0.4201846789317843,sector,0.05028202692867141
power,renewablescap,2024,global,demo_2020,projected,7591.58982819352,0.39558390601925164,sector,0.0036945447243224546
power,renewablescap,2024,global,demo_2020,target_cps,10526.855057413326,0.4225695966372277,sector,0.05505691683175353
power,renewablescap,2024,global,demo_2020,target_sds,12411.199712727876,0.44070842407768185,sector,0.08802988649781678
power,renewablescap,2024,global,demo_2020,target_sps,11111.642044364942,0.42827095309758956,sector,0.065289738904659
power,renewablescap,2025,global,demo_2020,projected,7065.896788809529,0.39890999205278227,sector,-0.005504229285719478
power,renewablescap,2025,global,demo_2020,target_cps,10547.996801311361,0.4324748581153558,sector,0.05542686299753138
power,renewablescap,2025,global,demo_2020,target_sds,12770.670869187927,0.4548902814034146,sector,0.09432004764447993
power,renewablescap,2025,global,demo_2020,target_sps,11237.780844357636,0.4395089134810736,sector,0.06749696294626005
power,renewablescap,2026,global,demo_2020,projected,6661.313466355287,0.38852373916275146,sector,-0.012583780036190834
power,renewablescap,2026,global,demo_2020,target_cps,10588.78630859933,0.42625043397016493,sector,0.05614061309770897
power,renewablescap,2026,global,demo_2020,target_sds,13795.58549997441,0.45881454789846954,sector,0.11225438833736441
power,renewablescap,2026,global,demo_2020,target_sps,11492.24092609269,0.43553751560982873,sector,0.07194960091384743
power,renewablescap,2027,global,demo_2020,projected,6620.434232445268,0.3918182966653508,sector,-0.013299100206460832
power,renewablescap,2027,global,demo_2020,target_cps,10961.195773234787,0.43251699014735634,sector,0.06265717361446327
power,renewablescap,2027,global,demo_2020,target_sds,15156.9870850001,0.47416267958253555,sector,0.13607670398422744
power,renewablescap,2027,global,demo_2020,target_sps,12079.854041862873,0.44377153541856557,sector,0.08223187564900561
power,renewablescap,2028,global,demo_2020,projected,6579.554998126903,0.3917983461757601,sector,-0.01401442038387622
power,renewablescap,2028,global,demo_2020,target_cps,11334.064732462875,0.43595582154872636,sector,0.06918177453997283
power,renewablescap,2028,global,demo_2020,target_sds,16519.244096633734,0.4869864432380183,sector,0.1599139882067784
power,renewablescap,2028,global,demo_2020,target_sps,12668.038198532797,0.4492496386277312,sector,0.09252414267204602
power,renewablescap,2029,global,demo_2020,projected,6247.354624866778,0.3848037703957412,sector,-0.019827387135827726
power,renewablescap,2029,global,demo_2020,target_cps,11451.226125321602,0.43304515449016046,sector,0.0712319085437863
power,renewablescap,2029,global,demo_2020,target_sds,17599.672260176998,0.49412676044570164,sector,0.17881972552102024
power,renewablescap,2029,global,demo_2020,target_sps,12993.96057978252,0.44853251505853975,sector,0.09822725476469255
power,renewablescap,2030,global,demo_2020,projected,6200.243389501314,0.38475950603611475,sector,-0.020651757205419327
power,renewablescap,2030,global,demo_2020,target_cps,11822.517676049321,0.4365217686166655,sector,0.07772890738361216
power,renewablescap,2030,global,demo_2020,target_sds,18956.16629332541,0.5069893493458858,sector,0.20255616698413043
power,renewablescap,2030,global,demo_2020,target_sps,13579.656444880964,0.4540168396313695,sector,0.10847598072836499
power,renewablescap,2031,global,demo_2020,projected,6117.16790306828,0.378951773777069,sector,-0.02210544323171191
power,renewablescap,2031,global,demo_2020,target_cps,11945.053186531908,0.43426139965751287,sector,0.07987307971363819
power,renewablescap,2031,global,demo_2020,target_sds,20077.727643654576,0.5143699479655485,sector,0.22218166823133162
power,renewablescap,2031,global,demo_2020,target_sps,13932.783506509135,0.45419947222042495,sector,0.1146551305237553
power,renewablescap,2032,global,demo_2020,projected,5095.654643496005,0.35926998193583276,sector,-0.039980265455110055
power,renewablescap,2032,global,demo_2020,target_cps,11177.85206125917,0.41999692318188436,sector,0.06644830661810018
power,renewablescap,2032,global,demo_2020,target_sds,20114.522099816542,0.5122333749644165,sector,0.22282551142821497
power,renewablescap,2032,global,demo_2020,target_sps,13348.876920946199,0.44300312578163603,sector,0.10443771404462009
power,renewablescap,2033,global,demo_2020,projected,4730.957259113511,0.34561310357342784,sector,-0.04636187709851147
power,renewablescap,2033,global,demo_2020,target_cps,11288.883606227131,0.40997803356739765,sector,0.0683911782439884
power,renewablescap,2033,global,demo_2020,target_sds,21187.859062586518,0.5124521358848814,sector,0.24160716425115417
power,renewablescap,2033,global,demo_2020,target_sps,13681.99330486082,0.4355400383873292,sector,0.11026670949463344
power,renewablescap,2034,global,demo_2020,projected,4194.249437045971,0.32853428971012216,sector,-0.05575339190800251
power,renewablescap,2034,global,demo_2020,target_cps,10831.18821538004,0.39847657036591044,sector,0.06038225259647785
power,renewablescap,2034,global,demo_2020,target_sds,21215.300663044924,0.5142211955485319,sector,0.24208734767033455
power,renewablescap,2034,global,demo_2020,target_sps,13331.55702253692,0.427343887526927,sector,0.10413464396492007
power,renewablescap,2035,global,demo_2020,projected,4130.087189608055,0.32010399398585737,sector,-0.0568761269833031
power,renewablescap,2035,global,demo_2020,target_cps,10862.395885457741,0.3943003523618988,sector,0.06092833611464868
power,renewablescap,2035,global,demo_2020,target_sds,22141.0207541195,0.5208021425217051,sector,0.2582859450957997
power,renewablescap,2035,global,demo_2020,target_sps,13569.087382649519,0.4259426420837177,sector,0.10829103931259304
power,renewablescap,2036,global,demo_2020,projected,4098.1489129175025,0.319995902074579,sector,-0.057434994930063155
power,renewablescap,2036,global,demo_2020,target_cps,11166.560231547495,0.3974483102875757,sector,0.06625071794582238
power,renewablescap,2036,global,demo_2020,target_sds,23389.28150661257,0.5330630732263525,sector,0.2801284800116963
power,renewablescap,2036,global,demo_2020,target_sps,14022.482465614507,0.4306092605924337,sector,0.11622471655957801
power,renewablescap,2037,global,demo_2020,projected,4008.1339921745807,0.31252483997509056,sector,-0.0590101097811486
power,renewablescap,2037,global,demo_2020,target_cps,11321.809567104932,0.39419781821152344,sector,0.06896732905917378
power,renewablescap,2037,global,demo_2020,target_sds,24454.706469550485,0.5404552640919925,sector,0.2987716856934904
power,renewablescap,2037,global,demo_2020,target_sps,14319.220566348073,0.4292373380300053,sector,0.12141715116364986
power,renewablescap,2038,global,demo_2020,projected,3980.493352917502,0.3160497457649633,sector,-0.059493776055894995
power,renewablescap,2038,global,demo_2020,target_cps,11573.825272735376,0.40083204213293966,sector,0.07337719441670681
power,renewablescap,2038,global,demo_2020,target_sds,25547.790532637224,0.5558534615180277,sector,0.31789888068563993
power,renewablescap,2038,global,demo_2020,target_sps,14697.59514865913,0.4372948147479209,sector,0.12803809154722803
power,renewablescap,2039,global,demo_2020,projected,3952.8527137232472,0.3160419971975599,sector,-0.059977442329542066
power,renewablescap,2039,global,demo_2020,target_cps,11875.037651968287,0.40398082790288686,sector,0.07864792162442753
power,renewablescap,2039,global,demo_2020,target_sds,26783.93670162491,0.567926047561456,sector,0.339529430074731
power,renewablescap,2039,global,demo_2020,target_sps,15146.589955013207,0.44190900353735146,sector,0.1358947711033688
power,renewablescap,2040,global,demo_2020,projected,3925.2120747109484,0.3162055170484979,sector,-0.0604611086000052
power,renewablescap,2040,global,demo_2020,target_cps,12176.250031201196,0.40711704999262965,sector,0.08391864883214822
power,renewablescap,2040,global,demo_2020,target_sds,28020.082870612605,0.5799158638852003,sector,0.36115997946382233
power,renewablescap,2040,global,demo_2020,target_sps,15595.584761367289,0.4464882945464709,sector,0.14375145065950962
automotive,electric,2020,global,demo_2020,corporate_economy,9445731.40303,0.058326842817204017,sector,0.007035246999136054
automotive,electric,2021,global,demo_2020,corporate_economy,9507349.95035,0.05862104173989845,sector,0.007426094056082411
automotive,electric,2022,global,demo_2020,corporate_economy,9568968.4972,0.058914377064939745,sector,0.007816941110047559
automotive,electric,2023,global,demo_2020,corporate_economy,9630587.04445,0.059206852590863585,sector,0.008207788166549917
automotive,electric,2024,global,demo_2020,corporate_economy,9692205.59154,0.05949847209050163,sector,0.008598635222037385
automotive,electric,2025,global,demo_2020,corporate_economy,9753824.13856,0.05978923931571438,sector,0.008989482277080855
automotive,electric,2026,global,demo_2020,corporate_economy,9815442.68572,0.06007915799865317,sector,0.009380329333012336
automotive,fuelcell,2020,global,demo_2020,corporate_economy,2889.4215229,1.7842010089845795e-5,sector,-4.334063185884961e-6
automotive,fuelcell,2021,global,demo_2020,corporate_economy,2851.4614238,1.7581727822918358e-5,sector,-4.57484447106485e-6
automotive,fuelcell,2022,global,demo_2020,corporate_economy,2813.5013237000003,1.7322209588804805e-5,sector,-4.815625762587745e-6
automotive,fuelcell,2023,global,demo_2020,corporate_economy,2775.5412245999996,1.7063452039453747e-5,sector,-5.056407047767637e-6
automotive,fuelcell,2024,global,demo_2020,corporate_economy,2737.5811245,1.6805451823444753e-5,sector,-5.297188339290533e-6
automotive,fuelcell,2025,global,demo_2020,corporate_economy,2699.6210253000004,1.654820563201433e-5,sector,-5.537969625104719e-6
automotive,fuelcell,2026,global,demo_2020,corporate_economy,2661.6609262399998,1.6291710159854544e-5,sector,-5.778750910030891e-6
automotive,hybrid,2020,global,demo_2020,corporate_economy,8762472.6452,0.054107759670435226,sector,0.002481741039302682
automotive,hybrid,2021,global,demo_2020,corporate_economy,8784209.0935,0.054162252426934406,sector,0.0026196155465091253
automotive,hybrid,2022,global,demo_2020,corporate_economy,8805945.5412,0.0542165852233068,sector,0.0027574900499097695
automotive,hybrid,2023,global,demo_2020,corporate_economy,8827681.98802,0.05427075875763196,sector,0.0028953645477285458
automotive,hybrid,2024,global,demo_2020,corporate_economy,8849418.43507,0.05432477373733907,sector,0.003033239047006234
automotive,hybrid,2025,global,demo_2020,corporate_economy,8871154.88401,0.05437863086643138,sector,0.0031711135582721994
automotive,hybrid,2026,global,demo_2020,corporate_economy,8892891.331055,0.05443233081281195,sector,0.0033089880575181653
automotive,ice,2020,global,demo_2020,corporate_economy,143733749.5356,0.8875475555022708,technology,0.019804364160712847
automotive,ice,2021,global,demo_2020,corporate_economy,143888820.43310001,0.8871991241053443,technology,0.020904606647503737
automotive,ice,2022,global,demo_2020,corporate_economy,144043891.3234,0.8868517155021647,technology,0.02200484908320972
automotive,ice,2023,global,demo_2020,corporate_economy,144198962.2164,0.8865053251994651,technology,0.023105091538072678
automotive,ice,2024,global,demo_2020,corporate_economy,144354033.1073,0.8861599487203359,technology,0.024205333978036002
automotive,ice,2025,global,demo_2020,corporate_economy,144509103.9981,0.8858155816122222,technology,0.0253055764172897
automotive,ice,2026,global,demo_2020,corporate_economy,144664174.8921,0.8854722194783751,technology,0.026405818879247655
oil and gas,gas,2020,global,demo_2020,corporate_economy,1306741926.959,0.5168026107286205,technology,-0.06723804945416906
oil and gas,gas,2021,global,demo_2020,corporate_economy,1391367261.605,0.5296315677939224,technology,-0.006831866273308121
oil and gas,gas,2022,global,demo_2020,corporate_economy,1422296794.555,0.5247742904132544,technology,0.015245860696891694
oil and gas,gas,2023,global,demo_2020,corporate_economy,1418726746.741,0.520614170925531,technology,0.012697534440705746
oil and gas,gas,2024,global,demo_2020,corporate_economy,1394609981.693,0.5116508488420699,technology,-0.00451718894341176
oil and gas,gas,2025,global,demo_2020,corporate_economy,1372244732.0591,0.5081834826093136,technology,-0.020481667806892576
oil and gas,oil,2020,global,demo_2020,corporate_economy,1221770700.167,0.48319738927137934,technology,0.1644603870822313
oil and gas,oil,2021,global,demo_2020,corporate_economy,1235680192.157,0.4703684322060776,technology,0.17771741839308092
oil and gas,oil,2022,global,demo_2020,corporate_economy,1288005178.194,0.4752257095867456,technology,0.22758796569495102
oil and gas,oil,2023,global,demo_2020,corporate_economy,1306375307.663,0.4793858290744689,technology,0.2450963967526762
oil and gas,oil,2024,global,demo_2020,corporate_economy,1331096395.711,0.48834915115793004,technology,0.26865787825942133
oil and gas,oil,2025,global,demo_2020,corporate_economy,1328049116.5587,0.49181651739068655,technology,0.2657535396132665
power,coalcap,2020,global,demo_2020,corporate_economy,4016102.86542,0.3798925899418987,technology,0.042660059300706134
power,coalcap,2021,global,demo_2020,corporate_economy,4024923.28205,0.3756505147106666,technology,0.044950014621741176
power,coalcap,2022,global,demo_2020,corporate_economy,4033743.69823,0.37487295266349124,technology,0.04723996982594736
power,coalcap,2023,global,demo_2020,corporate_economy,4042564.11465,0.37056078553349603,technology,0.04952992509246217
power,coalcap,2024,global,demo_2020,corporate_economy,4051384.53113,0.3702727638623078,technology,0.0518198803745543
power,coalcap,2025,global,demo_2020,corporate_economy,4060204.9478,0.38043162834135086,technology,0.05410983570597422
power,coalcap,2026,global,demo_2020,corporate_economy,4069025.36389,0.3818365997165109,technology,0.05639979088681456
power,coalcap,2027,global,demo_2020,corporate_economy,4077845.78056,0.3818394157425973,technology,0.05868974621823435
power,coalcap,2028,global,demo_2020,corporate_economy,4086666.1971299998,0.38181563534946583,technology,0.060979701523692205
power,coalcap,2029,global,demo_2020,corporate_economy,4095486.61342,0.3834567565653762,technology,0.06326965675645654
power,coalcap,2030,global,demo_2020,corporate_economy,4104307.0299,0.38405281848002415,technology,0.06555961203854867
power,coalcap,2031,global,demo_2020,corporate_economy,4113127.44623,0.39093280274737097,technology,0.06784956728169776
power,coalcap,2032,global,demo_2020,corporate_economy,3997330.96843,0.3893975801221447,technology,0.03778650205263163
power,coalcap,2033,global,demo_2020,corporate_economy,4010748.81145,0.39050910138955025,technology,0.04127004056440172
power,coalcap,2034,global,demo_2020,corporate_economy,4024166.65469,0.40350090113201764,technology,0.04475357913328826
power,coalcap,2035,global,demo_2020,corporate_economy,4037584.49721,0.405409499071728,technology,0.0482371175152484
power,coalcap,2036,global,demo_2020,corporate_economy,4051002.34031,0.4091532255729833,technology,0.051720656047788
power,coalcap,2037,global,demo_2020,corporate_economy,4064420.18317,0.4166610932095012,technology,0.05520419451801896
power,coalcap,2038,global,demo_2020,corporate_economy,4077838.02632,0.4202675708234239,technology,0.05868773306353965
power,coalcap,2039,global,demo_2020,corporate_economy,4071141.34681,0.42034465494962653,technology,0.05694914207396738
power,coalcap,2040,global,demo_2020,corporate_economy,4087558.5826,0.4264285527351956,technology,0.0612113825135097
power,gascap,2020,global,demo_2020,corporate_economy,1195546.701854,0.11308956672261765,technology,0.1554759736557787
power,gascap,2021,global,demo_2020,corporate_economy,1213678.545503,0.11327395290855918,technology,0.17300009852853593
power,gascap,2022,global,demo_2020,corporate_economy,1231810.389148,0.11447737691021366,technology,0.1905242233974272
power,gascap,2023,global,demo_2020,corporate_economy,1249942.232811,0.11457569070664884,technology,0.20804834828371527
power,gascap,2024,global,demo_2020,corporate_economy,1268074.076486,0.11589452679073489,technology,0.22557247318160126
power,gascap,2025,global,demo_2020,corporate_economy,1218539.703487,0.11417429650868477,technology,0.17769832674993988
power,gascap,2026,global,demo_2020,corporate_economy,1233118.893987,0.1157156526240099,technology,0.1917888715291415
power,gascap,2027,global,demo_2020,corporate_economy,1247698.084444,0.11683136960658408,technology,0.20587941626678427
power,gascap,2028,global,demo_2020,corporate_economy,1253241.936761,0.11708990733499211,technology,0.211237457189699
power,gascap,2029,global,demo_2020,corporate_economy,1240608.761397,0.11615709113858513,technology,0.19902770362553857
power,gascap,2030,global,demo_2020,corporate_economy,1256897.270692,0.11761180044098056,technology,0.21477027654874983
power,gascap,2031,global,demo_2020,corporate_economy,1139786.913928,0.10833121478038767,technology,0.10158506739112094
power,gascap,2032,global,demo_2020,corporate_economy,1107665.561164,0.1079025711176741,technology,0.07054031497570579
power,gascap,2033,global,demo_2020,corporate_economy,1116775.13997,0.10873551969119885,technology,0.07934457115752923
power,gascap,2034,global,demo_2020,corporate_economy,1064674.816485,0.10675433815932676,technology,0.028990476321037507
power,gascap,2035,global,demo_2020,corporate_economy,1074531.516671,0.10789254917423884,technology,0.038516812872164775
power,gascap,2036,global,demo_2020,corporate_economy,1000722.851648,0.10107349941077556,technology,-0.032818032474679015
power,gascap,2037,global,demo_2020,corporate_economy,1008499.498007,0.10338559607611666,technology,-0.025302033300821952
power,gascap,2038,global,demo_2020,corporate_economy,936674.1822041,0.0965349238167713,technology,-0.09472000466219892
power,gascap,2039,global,demo_2020,corporate_economy,917292.5937828,0.09471030504101874,technology,-0.11345198704094499
power,gascap,2040,global,demo_2020,corporate_economy,925545.711808,0.09655619862101297,technology,-0.10547548593808087
power,hydrocap,2020,global,demo_2020,corporate_economy,3666541.23209,0.34682673513686585,sector,0.009896134037183929
power,hydrocap,2021,global,demo_2020,corporate_economy,3785515.33102,0.3533063074480527,sector,0.021667252062924084
power,hydrocap,2022,global,demo_2020,corporate_economy,3798746.91716,0.35303370263261236,sector,0.02297636525245392
power,hydrocap,2023,global,demo_2020,corporate_economy,3903743.78054,0.35783584893461723,sector,0.0333645966599107
power,hydrocap,2024,global,demo_2020,corporate_economy,3911769.4402199998,0.35751276411631616,sector,0.034158643332063116
power,hydrocap,2025,global,demo_2020,corporate_economy,3819611.2165200002,0.3578885631177181,sector,0.025040647583648004
power,hydrocap,2026,global,demo_2020,corporate_economy,3852263.26377,0.36149568368493706,sector,0.0282711919241261
power,hydrocap,2027,global,demo_2020,corporate_economy,3867157.7256300002,0.36211110620673065,sector,0.0297448275310417
power,hydrocap,2028,global,demo_2020,corporate_economy,3882052.18747,0.3626986279083882,sector,0.03121846313597847
power,hydrocap,2029,global,demo_2020,corporate_economy,3896946.64942,0.3648676369246037,sector,0.03269209875179856
power,hydrocap,2030,global,demo_2020,corporate_economy,3911841.11102,0.3660431817572538,sector,0.03416573433299014
power,hydrocap,2031,global,demo_2020,corporate_economy,3926735.57302,0.3732171597589424,sector,0.0356393699537571
power,hydrocap,2032,global,demo_2020,corporate_economy,3941630.03467,0.38397150732807567,sector,0.03711300553989559
power,hydrocap,2033,global,demo_2020,corporate_economy,3956524.49675,0.3852295166031608,sector,0.03858664116857764
power,hydrocap,2034,global,demo_2020,corporate_economy,3830673.82092,0.38409948476726785,sector,0.0261351649889959
power,hydrocap,2035,global,demo_2020,corporate_economy,3842484.33021,0.38581970199703247,sector,0.027303678976889068
power,hydrocap,2036,global,demo_2020,corporate_economy,3854294.83986,0.38928567143640447,sector,0.02847219300040013
power,hydrocap,2037,global,demo_2020,corporate_economy,3711207.13298,0.38045171302842845,sector,0.014315310949055707
power,hydrocap,2038,global,demo_2020,corporate_economy,3718198.34062,0.3832026123563909,sector,0.015007010495536925
power,hydrocap,2039,global,demo_2020,corporate_economy,3725189.548417,0.3846251903236554,sector,0.015698710057551538
power,hydrocap,2040,global,demo_2020,corporate_economy,3620758.323901,0.37773030053624757,sector,0.005366442106745989
power,nuclearcap,2020,global,demo_2020,corporate_economy,73819.33846,0.006982744370626138,sector,8.796692350073396e-4
power,nuclearcap,2021,global,demo_2020,corporate_economy,75089.49158,0.007008184798747888,sector,0.0010053362702759053
power,nuclearcap,2022,global,demo_2020,corporate_economy,76359.64467000001,0.00709642644730715,sector,0.0011310033025763169
power,nuclearcap,2023,global,demo_2020,corporate_economy,66872.34567000001,0.006129839438325922,sector,1.923442391427472e-4
power,nuclearcap,2024,global,demo_2020,corporate_economy,69127.53122,0.006317850563710425,sector,4.1546889835628254e-4
power,nuclearcap,2025,global,demo_2020,corporate_economy,71382.71676,0.006688392217035915,sector,6.385935565804326e-4
power,nuclearcap,2026,global,demo_2020,corporate_economy,73637.90232,0.006910167353993787,sector,8.617182167833532e-4
power,nuclearcap,2027,global,demo_2020,corporate_economy,75893.08786,0.0071064414612031735,sector,0.0010848428750075047
power,nuclearcap,2028,global,demo_2020,corporate_economy,78148.27341,0.007301362828326382,sector,0.0013079675342210402
power,nuclearcap,2029,global,demo_2020,corporate_economy,80403.45897,0.007528104106663748,sector,0.0015310921944239621
power,nuclearcap,2030,global,demo_2020,corporate_economy,82658.64451,0.007734627347451961,sector,0.0017542168526481123
power,nuclearcap,2031,global,demo_2020,corporate_economy,84913.83006000001,0.00807064746019385,sector,0.001977341511861649
power,nuclearcap,2032,global,demo_2020,corporate_economy,87169.01561999999,0.008491516967730374,sector,0.002200466172064568
power,nuclearcap,2033,global,demo_2020,corporate_economy,89424.20116,0.008706844053104651,sector,0.00242359083028872
power,nuclearcap,2034,global,demo_2020,corporate_economy,91679.38670999999,0.009192639949342612,sector,0.002646715489502255
power,nuclearcap,2035,global,demo_2020,corporate_economy,93934.57226,0.009431868958224541,sector,0.002869840148715792
power,nuclearcap,2036,global,demo_2020,corporate_economy,96189.75781000001,0.009715212771768938,sector,0.0030929648079293286
power,nuclearcap,2037,global,demo_2020,corporate_economy,98444.94337,0.010092012114136278,sector,0.0033160894681322477
power,nuclearcap,2038,global,demo_2020,corporate_economy,100700.12891,0.010378293175318555,sector,0.0035392141263563995
power,nuclearcap,2039,global,demo_2020,corporate_economy,102955.31446,0.010630118791092593,sector,0.0037623387855699347
power,nuclearcap,2040,global,demo_2020,corporate_economy,105210.50000999999,0.010975931071126852,sector,0.00398546344478347
power,oilcap,2020,global,demo_2020,corporate_economy,21330.3283781,0.0020176857922736893,technology,-0.0396528706659352
power,oilcap,2021,global,demo_2020,corporate_economy,21204.509477,0.0019790401806528907,technology,-0.045317566414895545
power,oilcap,2022,global,demo_2020,corporate_economy,21078.6905737,0.0019589323379941887,technology,-0.050982262262905566
power,oilcap,2023,global,demo_2020,corporate_economy,20952.8716708,0.0019206405551805102,technology,-0.056646958092906735
power,oilcap,2024,global,demo_2020,corporate_economy,20827.052769500002,0.0019034703649613766,technology,-0.0623116538508715
power,oilcap,2025,global,demo_2020,corporate_economy,19438.3472028,0.0018213272910355587,technology,-0.12483480777661415
power,oilcap,2026,global,demo_2020,corporate_economy,19348.0509956,0.001815617584708001,technology,-0.12890017900940334
power,oilcap,2027,global,demo_2020,corporate_economy,19206.2984723,0.0017984303923906239,technology,-0.13528224807153652
power,oilcap,2028,global,demo_2020,corporate_economy,19232.5465973,0.0017968893577834616,technology,-0.13410048888586779
power,oilcap,2029,global,demo_2020,corporate_economy,18495.3177933,0.0017317000986953037,technology,-0.1672924563527488
power,oilcap,2030,global,demo_2020,corporate_economy,18484.4206774,0.0017296449333369858,technology,-0.16778307298963704
power,oilcap,2031,global,demo_2020,corporate_economy,17207.4505348,0.0016354846655364129,technology,-0.22527560610742584
power,oilcap,2032,global,demo_2020,corporate_economy,17158.06817234,0.0016714428398967806,technology,-0.22749892912372235
power,oilcap,2033,global,demo_2020,corporate_economy,17081.4727638,0.0016631484276349012,technology,-0.23094745459448268
power,oilcap,2034,global,demo_2020,corporate_economy,17074.3913254,0.0017120395046388397,technology,-0.23126627945823763
power,oilcap,2035,global,demo_2020,corporate_economy,16777.0650004,0.001684566978698756,technology,-0.24465268765729556
power,oilcap,2036,global,demo_2020,corporate_economy,16774.5252566,0.0016942352878690644,technology,-0.24476703356066562
power,oilcap,2037,global,demo_2020,corporate_economy,16771.985511,0.0017193679549285126,technology,-0.24488137954507652
power,oilcap,2038,global,demo_2020,corporate_economy,16769.4457644,0.001728282043075561,technology,-0.24499572557450988
power,oilcap,2039,global,demo_2020,corporate_economy,16766.9060207,0.001731180208559062,technology,-0.24511007147337766
power,oilcap,2040,global,demo_2020,corporate_economy,16764.36627499,0.0017489179185340314,technology,-0.24522441746274093
power,renewablescap,2020,global,demo_2020,corporate_economy,1598339.45531,0.15119067803571795,sector,0.0030840869641497915
power,renewablescap,2021,global,demo_2020,corporate_economy,1594131.013033,0.14878199995332078,sector,0.002667710028391457
power,renewablescap,2022,global,demo_2020,corporate_economy,1598556.033811,0.14856060900838136,sector,0.0031055149146031664
power,renewablescap,2023,global,demo_2020,corporate_economy,1625239.057233,0.14897719483173144,sector,0.00574549303428407
power,renewablescap,2024,global,demo_2020,corporate_economy,1620439.130656,0.1480986243019694,sector,0.0052705955333919126
power,renewablescap,2025,global,demo_2020,corporate_economy,1483450.27723,0.1389957925241749,sector,-0.008282875149643145
power,renewablescap,2026,global,demo_2020,corporate_economy,1409063.676895,0.1322262790358404,sector,-0.015642573268407844
power,renewablescap,2027,global,demo_2020,corporate_economy,1391677.391262,0.13031323659049426,sector,-0.01736274616365025
power,renewablescap,2028,global,demo_2020,corporate_economy,1383903.615462,0.129297577221044,sector,-0.018131871824364695
power,renewablescap,2029,global,demo_2020,corporate_economy,1348498.500952,0.12625871116607582,sector,-0.021634800490017047
power,renewablescap,2030,global,demo_2020,corporate_economy,1312641.126857,0.12282792704095254,sector,-0.025182475037346053
power,renewablescap,2031,global,demo_2020,corporate_economy,1239544.514465,0.1178126905875687,sector,-0.03241454369335039
power,renewablescap,2032,global,demo_2020,corporate_economy,1114469.591544,0.10856538162447837,sector,-0.044789268049360655
power,renewablescap,2033,global,demo_2020,corporate_economy,1080010.116175,0.10515586983535054,sector,-0.04819863660370659
power,renewablescap,2034,global,demo_2020,corporate_economy,944860.217562,0.09474059648740636,sector,-0.06157016386928771
power,renewablescap,2035,global,demo_2020,corporate_economy,893962.545898,0.0897618138200774,sector,-0.0666059027887715
power,renewablescap,2036,global,demo_2020,corporate_economy,881957.647963,0.08907815552019871,sector,-0.06779364929621083
power,renewablescap,2037,global,demo_2020,corporate_economy,855395.1788569,0.08769021761688889,sector,-0.07042169995358075
power,renewablescap,2038,global,demo_2020,corporate_economy,852776.538601,0.08788831778501979,sector,-0.07068078427358294
power,renewablescap,2039,global,demo_2020,corporate_economy,851900.1925845,0.08795855068604773,sector,-0.07076748862759262
power,renewablescap,2040,global,demo_2020,corporate_economy,829727.4509189,0.08656009911788305,sector,-0.07296122626836758
